{"filesMd5":[{"page":"/mediator/index.js","md5":"be93a603368ad4753164b128309dc2c3"},{"page":"/pages/demo/image/index.js","md5":"d919290b3646a57b9731c10b84b576d1"},{"page":"/pages/demo/lifecycle/index.js","md5":"1fa097f56b7a8ac1e270fdf093fbaf26"},{"page":"/pages/demo/notice/index.js","md5":"8540392f8d65ba8244fa266564e54da7"},{"page":"/pages/demo/other/bindingx.js","md5":"f2a2c3932b1240ec301c4f06864bef49"},{"page":"/pages/reechProject/discover/commentinput.js","md5":"3f430836b589e3941c2e7559f05dcf83"},{"page":"/pages/reechProject/myCar/index.js","md5":"722b76cffbb071d84b23d77b4ecb7bcb"},{"page":"/pages/reechProject/personal/set.js","md5":"97c44d6615f19fafa140428462e3f211"},{"page":"/pages/reechProject/personal/suggestion/suggestDetail.js","md5":"a16302eceb6db748eef907b076f38b7f"},{"page":"/pages/demo/globalAttr/index.js","md5":"39ce024033e8d0bfb85d78092df9e25b"},{"page":"/pages/demo/refresh/index.js","md5":"d92216da54d8f088a54f0c8c41b5609c"},{"page":"/pages/reechProject/discover/news.js","md5":"f40630ef02a805f2153126124dc60af0"},{"page":"/pages/reechProject/discover/pushdynamic.js","md5":"10271ad12b7330541f348c5a8c6e2107"},{"page":"/pages/reechProject/discover/search.js","md5":"ad4308e4bfafffda6a7f48a17d9eb054"},{"page":"/pages/reechProject/personal/messageCenter/message.js","md5":"ae6be43b4ebdf5257c867dafca8c4f42"},{"page":"/pages/reechProject/personal/mine/personCenter.js","md5":"b89d77fd243ec73de8f83b03dda48362"},{"page":"/pages/reechProject/personal/suggestion/writeSug.js","md5":"30541d072ea8969563b3928d933158cc"},{"page":"/pages/reechProject/server/index.js","md5":"ad19202602f71e62895dfee2df4f3fc7"},{"page":"/pages/demo/bmcalendar/index.js","md5":"69ae99f0c4b1a87c9589efacfbded241"},{"page":"/pages/demo/bmchart/index.js","md5":"1dc2352d0f99697ba5471aacb8383ebc"},{"page":"/pages/demo/event/a.js","md5":"07ccdac0f7c251f66de23589e6905111"},{"page":"/pages/demo/event/b.js","md5":"98a403dd618abcb85d46aabb8fdca736"},{"page":"/pages/demo/font/index.js","md5":"2a295356427df6b8691465d38c92e6fd"},{"page":"/pages/demo/assets/index.js","md5":"45b2be3ee3df202dc2042c66b65c7b3c"},{"page":"/pages/demo/inputExtend/index.js","md5":"f3f9f2399ed50ea520f9a8341545c4c1"},{"page":"/pages/demo/router/index.js","md5":"72b1c67730fb4926492e9ff4b26738ef"},{"page":"/pages/demo/router/tabbarItem1.js","md5":"2c8ddd6f151f1761033153eff0cc30c9"},{"page":"/pages/demo/router/tabbarItem3.js","md5":"39d7df05b74f05601cfbd4b0f70ceee5"},{"page":"/pages/demo/router/tabbarItem2.js","md5":"05f1848dd57982f45ab4b2bbaceba0ae"},{"page":"/pages/demo/storage/index.js","md5":"48573959e0d779c44283fa6c208349cf"},{"page":"/pages/demo/bmrichtext/index.js","md5":"d80bf710a8a6969efb85d8bb0b24148a"},{"page":"/pages/demo/other/bui.js","md5":"4e704f1043f83d4c184c6e396af7e74d"},{"page":"/pages/reechProject/discover/detail.js","md5":"db3765ff6eda6ceed644799886838b72"},{"page":"/pages/reechProject/discover/index.js","md5":"10e26c5c39fb12393b2d5db19b26511d"},{"page":"/pages/reechProject/login/index.js","md5":"f83293997974c3ca447ddb306f864a31"},{"page":"/pages/reechProject/login/msg.js","md5":"fae9f8df81739f331e1235e8ca82d585"},{"page":"/pages/reechProject/personal/info/personInfo.js","md5":"2ee6b1b2647e8f7dba86d54229400470"},{"page":"/pages/reechProject/personal/index.js","md5":"814a0544ddefa1e3efe6272c19dac19a"},{"page":"/pages/reechProject/personal/suggestion/suggestion.js","md5":"3fa28b5b64e8866afaf632ea5f401795"},{"page":"/pages/demo/index.js","md5":"5fc27d0edfd5c65bdd62fe8854813cd7"},{"page":"/config/index.js","md5":"344023e766a3ced932999ea42f827d9a"},{"page":"/pages/demo/other/weexui.js","md5":"e8e2a20aa292a31d55292221f810e4d0"},{"page":"/pages/reechProject/index.js","md5":"377ee4b199284bf33e9cc6263283a37e"},{"page":"/iconfont/font_1469606063_76593.ttf","md5":"7f64b407dbb118b2bf74aae8488f115e"},{"page":"/iconfont/font_1469606522_9417143.woff","md5":"8d34182774fbf5de6d7192ca76027faa"},{"page":"/iconfont/font_zn5b3jswpofuhaor.ttf","md5":"dc3b4b0978d180d7f122e74d2f3f2f51"},{"page":"/iconfont/iconfont-eros.ttf","md5":"68780fad0047dc5b02cb613ebb08cda1"},{"page":"/iconfont/iconfont.ttf","md5":"ec86bfe5bdb872bad2b2af4f11da14f4"},{"page":"/assets/Bitmap.png","md5":"4ac57c74bac8850a50982e27b6d03eb5"},{"page":"/assets/TabBar_Item1_Selected@2x.png","md5":"d5e7609700d9a4f075e39b20fecbb9c3"},{"page":"/assets/TabBar_Item2@2x.png","md5":"6774d4074d376d716a5c9f447c6a3efd"},{"page":"/assets/TabBar_Item2_Selected@2x.png","md5":"e1ae4f456c18ccee39b3dd1fe7801994"},{"page":"/assets/TabBar_Item3@2x.png","md5":"c74d71c755710384145dc30922c21a3b"},{"page":"/assets/TabBar_Item3_Selected@2x.png","md5":"457d615a5c198b0148609f5eed84be70"},{"page":"/assets/add_follow.png","md5":"7bdd569c8594cc51d53050369cd94f0d"},{"page":"/assets/add_icon.png","md5":"a6c3fb8bf22fa3e5997f7f5b90f9f7b8"},{"page":"/assets/add_image.png","md5":"3e596d9dec9e2f18a105586dd81c75b5"},{"page":"/assets/add_image_show.png","md5":"ed8bc0ac465ea7fdacad6ff0487502df"},{"page":"/assets/arrow_down.png","md5":"6a306d910c2250d188ecd924dd74de87"},{"page":"/assets/arrow_right_big.png","md5":"7270c63420f4f5d0a4bd50c203961ff8"},{"page":"/assets/arrow_right_go.png","md5":"80f178cec1273b0bab7deb324b9c9438"},{"page":"/assets/arrow_right_small.png","md5":"36f0826095603d85a357beb2fe628b24"},{"page":"/assets/back.png","md5":"31a7f7975076c62389225c17837a23e7"},{"page":"/assets/back_icon.png","md5":"f6d914b9288cd62d98d5f9d1f5e15966"},{"page":"/assets/back_icon_src.png","md5":"8e8913d1d8d41279f3b094759311b416"},{"page":"/assets/bg2.png","md5":"549a8cc89eabfa37d688a391c951855c"},{"page":"/assets/bitmap_copy_2.png","md5":"adae3ee3d142458d3f2ca19e9d81029d"},{"page":"/assets/bitmap_copy_4.png","md5":"e277e01b29aedee5ffa2832824eca676"},{"page":"/assets/browse_icon.png","md5":"30609d87760d0bafa005c02cb91b70b5"},{"page":"/assets/browse_num.png","md5":"30609d87760d0bafa005c02cb91b70b5"},{"page":"/assets/camera_icon.png","md5":"76aeacb35117dcb9f72ba8a4b99c3891"},{"page":"/assets/car_order_icon.png","md5":"682b9988459c2c7c48a33f330e5bcf2f"},{"page":"/assets/clear_text.png","md5":"d944cf44b86447f602275f76bc81e374"},{"page":"/assets/delete_image.png","md5":"2d7f6344daf37ab67c23cff47a782934"},{"page":"/assets/demo.jpg","md5":"ad0a76ef138304056020d234c3217aeb"},{"page":"/assets/discovery_search_icon.png","md5":"49f4ef4fd40229b007dfb3b974c7d7db"},{"page":"/assets/discovery_show_img1.png","md5":"3cdd68a8455573fc8e20a32b9ecaa5e1"},{"page":"/assets/discovery_show_img2.png","md5":"e6e9069bceb5c20972bb92b22da30d55"},{"page":"/assets/dynamic_delete_icon.png","md5":"6796147b664834471b0346e8071766b5"},{"page":"/assets/edit_icon.png","md5":"6881cf44f7c8e9e768e61de3b7fef1d5"},{"page":"/assets/empty_review.png","md5":"e8d731c021cada864cdda5307cd2c379"},{"page":"/assets/empty_show.png","md5":"2f40caf3c5af56b521eb0eff6d28337d"},{"page":"/assets/follow.png","md5":"d2d30324896cffa14998d003275ed888"},{"page":"/assets/follow_each.png","md5":"34473643f1df5258e48f7ea53868ac56"},{"page":"/assets/follow_icon.png","md5":"10987846012cc30b1c9e36c9eb4799fb"},{"page":"/assets/followed_icon.png","md5":"9d265be54b35374e146e3978bb7770ee"},{"page":"/assets/followed_icon1.png","md5":"9d265be54b35374e146e3978bb7770ee"},{"page":"/assets/group_3.png","md5":"7d7d085b816ec7360fe57bd139b55def"},{"page":"/assets/head_show_icon_2.png","md5":"2d3b6ffa1088c2ec52c0e2138885540b"},{"page":"/assets/head_show_img.png","md5":"97130f8e0a057ac7fa38125848f93939"},{"page":"/assets/headimage.png","md5":"bdd7dd0d9c49032eb89e090ebcc24180"},{"page":"/assets/icon_static.png","md5":"40c4d07c6ef0f73853e3ff256a413dbd"},{"page":"/assets/leaf_icon.png","md5":"c0ae4e26f97c71f897a2400a8476a8b4"},{"page":"/assets/like_icon.png","md5":"3a1552a783a39d6391f6d5878f190c65"},{"page":"/assets/location_icon.png","md5":"38ab2210af7cd80114a2a77f4f8ffe2d"},{"page":"/assets/logo.png","md5":"4bc11db35125e7f6808fb934884a42ed"},{"page":"/assets/logo1.png","md5":"dbd7ea608737003f5b8a117d1404c1c1"},{"page":"/assets/logo_gif.png","md5":"c8b92b29d1239bae46ada61f5fc4808e"},{"page":"/assets/more_icon.png","md5":"405fe0f047d9aa9c8fd7019d7e9f3081"},{"page":"/assets/msg_icon.png","md5":"5617339e341322536bd21be9212d54c8"},{"page":"/assets/my_car_image0.png","md5":"eee2800594a193c36276f36db7d72e65"},{"page":"/assets/my_car_image1.png","md5":"ea4d1c4a20c64bc4e6cfda6f860f7da2"},{"page":"/assets/my_car_image2.png","md5":"25cb6ad3e42c3456cc1ca252eca68630"},{"page":"/assets/my_car_image3.png","md5":"d3536f8ac7ac01d18735177119df482e"},{"page":"/assets/notification_icon.png","md5":"f92429bc9e22e08d6bf5e871bfcdfa68"},{"page":"/assets/oval.png","md5":"bb678df4fbf773df8992322a249c918e"},{"page":"/assets/page_1_copy_2.png","md5":"3e8b09807a43be930780465964095e93"},{"page":"/assets/page_1_copy_3.png","md5":"3e8b09807a43be930780465964095e93"},{"page":"/assets/page_1_copy_4.png","md5":"3e8b09807a43be930780465964095e93"},{"page":"/assets/profile_picture_copy.png","md5":"d52b9008180f68ec37f8e225db286d8e"},{"page":"/assets/push_icon.png","md5":"03837f1365d46765e47ca51d12e3ef8d"},{"page":"/assets/question_icon.png","md5":"67dfabd4a873ed90a169d3aabdee96d0"},{"page":"/assets/radio_button.png","md5":"f574c54f056fc865b8dbda14a69e1200"},{"page":"/assets/radio_button_down.png","md5":"8b2fc9f36a6c618f16ba67f5e8babf33"},{"page":"/assets/review_icon.png","md5":"aed3947df916780489c75f7bf4495a02"},{"page":"/assets/review_show_img.png","md5":"f6a220eb2a53c8958a5e1af66ae3e674"},{"page":"/assets/search_icon.png","md5":"d6b974957a808696aa19b0af33d3ee31"},{"page":"/assets/select_image_icon.png","md5":"61b969470b5d8b90eea0e5719d16d1f0"},{"page":"/assets/set_icon.png","md5":"8172c9f59030b4aff6defd508e42f7c4"},{"page":"/assets/sex_man_icon.png","md5":"dea8721343dc46af91bff1220168db36"},{"page":"/assets/sex_women.png","md5":"03369ae2f449a9fc18385ca796fdce2c"},{"page":"/assets/shape.png","md5":"67c974f9c03ff5acf46e809f7b3918e3"},{"page":"/assets/shape_copy.png","md5":"c0ae4e26f97c71f897a2400a8476a8b4"},{"page":"/assets/share_icon.png","md5":"2a82a87eb3d54ca9acbf5fa6af0e9219"},{"page":"/assets/single_follow.png","md5":"9c3b6f45561db44123961e612a998b72"},{"page":"/assets/suggest_icon.png","md5":"2399cf9c3d9f22bf071d0b26a62b17cc"},{"page":"/assets/tab_discovery.png","md5":"55371bb017a665393e5454293ea57330"},{"page":"/assets/tab_discovery_down.png","md5":"fd4baaabc5dde0ade248a05960f5f8ce"},{"page":"/assets/tab_mine.png","md5":"804aa88c71de9226c4833b65bbce8bf1"},{"page":"/assets/tab_mine_down.png","md5":"62453780e42cebbc42cc6336394c027d"},{"page":"/assets/tab_mycar.png","md5":"0b0dba776a7321f4e8185cd44cc9c318"},{"page":"/assets/tab_mycar_down.png","md5":"daeaac155f5848c360e6b4bfcf9e4bcf"},{"page":"/assets/tab_service.png","md5":"dfb2581c5101fcfb28b23aa7404e61e5"},{"page":"/assets/tab_service_down.png","md5":"dbad7dee983907309864dd33462cf842"},{"page":"/assets/test.html","md5":"c5ef8b9dde02eb6662325b312890ad53"},{"page":"/assets/un_like_icon.png","md5":"7f078d36d94d3662d4d0f99b8c73a993"},{"page":"/assets/upload_head_icon.png","md5":"329cf4216728a0703d8c6a37591b3a8b"},{"page":"/assets/Mine/PCbg1.png","md5":"4192860e289254ef9de99e0aa08383cb"},{"page":"/assets/Mine/PCbg2.png","md5":"6d53cd702e82cc5b946142321ab330cd"},{"page":"/assets/Mine/PCbg3.png","md5":"5922d698c248a93157954467e21cdaca"},{"page":"/assets/Mine/Select.png","md5":"1e60801e31a8052cc6e895ea08565b1a"},{"page":"/assets/Mine/arrow-green.png","md5":"0ddc1a0fe9de3efe60703d1c10954862"},{"page":"/assets/Mine/arrow.png","md5":"c658d99c43272104a4b2b6f65a6746bf"},{"page":"/assets/Mine/buyCar.png","md5":"7e6fae84e0cd78bba025e7ee7e26099d"},{"page":"/assets/Mine/editing.png","md5":"70548d94370b290686b1d611a3a42eee"},{"page":"/assets/Mine/headerIcon.png","md5":"59940f8ed6ef9045c1d6c717a072d5c8"},{"page":"/assets/Mine/headerImg.png","md5":"1e7a39844d4bf630ab33b0ab9c63d24d"},{"page":"/assets/Mine/integral-arrow.png","md5":"d00120b4832bc301b8114e072cb26e41"},{"page":"/assets/Mine/integralImg.png","md5":"4bbbfad5823c2e13e1c30a22d9a6473b"},{"page":"/assets/Mine/intergal.png","md5":"4bbbfad5823c2e13e1c30a22d9a6473b"},{"page":"/assets/Mine/message.png","md5":"97079fefafcdd770c6673abee7656ff6"},{"page":"/assets/Mine/messageImg.png","md5":"aed20199b72715a87e0ec35bf92225ae"},{"page":"/assets/Mine/mineHeaderBg.png","md5":"c446ed909ae33b5c77479c7d0cef11af"},{"page":"/assets/Mine/personHeadImage.png","md5":"8828a32c19add4e2c679b9a5a7a85c55"},{"page":"/assets/Mine/realseArrow.png","md5":"921ae638a36497a0a87520e365f88e87"},{"page":"/assets/Mine/red.png","md5":"c43096f358289ee9aa8b213be43297a3"},{"page":"/assets/Mine/setting.png","md5":"7252ce009908ad97e247ae6175a9c8a6"},{"page":"/assets/Mine/sexMan.png","md5":"ccab59cda0a5ca780c7205249d41d93f"},{"page":"/assets/Mine/sexSelect.png","md5":"028629c45eef2240355deb382f428200"},{"page":"/assets/Mine/suggestion.png","md5":"f400e9fdb09c70e423b54f765279c4cb"},{"page":"/assets/cars/page1@2x.png","md5":"eee2800594a193c36276f36db7d72e65"},{"page":"/assets/cars/page2@2x.png","md5":"ea4d1c4a20c64bc4e6cfda6f860f7da2"},{"page":"/assets/cars/page3@2x.png","md5":"25cb6ad3e42c3456cc1ca252eca68630"},{"page":"/assets/cars/page4@2x.png","md5":"d3536f8ac7ac01d18735177119df482e"},{"page":"/assets/chart/bm-chart.html","md5":"06ba621e03c0f0834caccb3588197f01"},{"page":"/assets/chart/bmap.min.js","md5":"54280795498eaf4ee80cccad2c6a12b6"},{"page":"/assets/chart/echarts.min.js","md5":"f55bc30d02c9e2b6ee5e05e96b507f12"},{"page":"/assets/service/Shape@2x.png","md5":"f3acea8c84835ae23041f7fdfc2f49df"},{"page":"/assets/service/location@2x.png","md5":"7fda7356ea392d3b5ecae86c3d1d6187"},{"page":"/assets/service/party_1@2x.png","md5":"0d4c8b347293a6884d011acb43b9bbea"},{"page":"/assets/service/party_2@2x.png","md5":"73497b4741da1eae634f46d68726b6b1"},{"page":"/assets/service/party_3@2x.png","md5":"7e148b2d591b708a974ca5c85a53f3cd"},{"page":"/assets/service/party_4@2x.png","md5":"17b4012022f4f0b35e4facb63d5bae28"},{"page":"/assets/service/travel.gif","md5":"b1d6d8b39dd6e093c1250aef03557bc7"},{"page":"/assets/service/up@2x.png","md5":"90d4092f965919274548d3cf7a58fb21"}],"android":"1.0.0","iOS":"1.0.0","appName":"eros-demo","jsVersion":"bb4d3e74dbf11ec65618a90c3097fa6e","timestamp":1555053915433,"jsPath":"https://app.weex-eros.com/source"}
